Run,Matrix,CPU_Time,Threads,Run1,Run2,Run3,Run4,Run5,Average
1,1000,6.042944,8,0.006252,0.006128,0.006126,0.006127,0.006127,0.006352
1,1000,6.042944,16,0.004849,0.004852,0.004855,0.004851,0.004848,0.004851
1,1000,6.042944,32,0.004372,0.004380,0.004372,0.004371,0.004373,0.004374
1,2000,82.033669,8,0.088629,0.075881,0.049928,0.049462,0.048215,0.062423
1,2000,82.033669,16,0.030727,0.028138,0.030660,0.030679,0.030479,0.030137
1,2000,82.033669,32,0.024574,0.023616,0.024654,0.025133,0.025188,0.024633
2,1000,7.354735,8,0.009078,0.008899,0.007182,0.005734,0.005732,0.007325
2,1000,7.354735,16,0.004555,0.004548,0.004553,0.004555,0.004553,0.004553
2,1000,7.354735,32,0.004098,0.004094,0.004097,0.004096,0.004101,0.004097
2,2000,83.521477,8,0.088673,0.088555,0.054095,0.050526,0.048822,0.066134
2,2000,83.521477,16,0.028417,0.028427,0.031144,0.031172,0.031110,0.030054
2,2000,83.521477,32,0.024771,0.023705,0.024928,0.025497,0.025303,0.024841
3,1000,7.128350,8,0.005381,0.005479,0.005210,0.005202,0.005199,0.005294
3,1000,7.128350,16,0.004132,0.004130,0.004128,0.004124,0.004128,0.004128
3,1000,7.128350,32,0.003710,0.003709,0.003709,0.003706,0.003708,0.003708
3,2000,83.875668,8,0.088536,0.088596,0.071600,0.046059,0.048503,0.068659
3,2000,83.875668,16,0.027298,0.028593,0.031584,0.031416,0.031113,0.030001
3,2000,83.875668,32,0.024157,0.023841,0.024871,0.025419,0.025473,0.024752
4,1000,6.072196,8,0.006801,0.006580,0.006583,0.006579,0.006581,0.006625
4,1000,6.072196,16,0.005196,0.005198,0.005190,0.005190,0.005204,0.005196
4,1000,6.072196,32,0.004689,0.004688,0.004690,0.004688,0.004689,0.004689
4,2000,86.461730,8,0.088585,0.070043,0.060086,0.060105,0.060063,0.067776
4,2000,86.461730,16,0.040116,0.036014,0.030367,0.030496,0.030484,0.033495
4,2000,86.461730,32,0.026729,0.026712,0.026692,0.025475,0.024898,0.026101
5,1000,6.096235,8,0.005382,0.005207,0.005209,0.005200,0.005201,0.005240
5,1000,6.096235,16,0.004126,0.004130,0.004132,0.004129,0.004130,0.004129
5,1000,6.096235,32,0.003587,0.003583,0.003582,0.003580,0.003582,0.003583
5,2000,84.743296,8,0.088560,0.071511,0.066796,0.066821,0.050461,0.068830
5,2000,84.743296,16,0.026363,0.028170,0.031558,0.031456,0.031106,0.029731
5,2000,84.743296,32,0.027238,0.027245,0.024626,0.024191,0.025073,0.025675
